순번,품종,시도,시군,년도,전체호수,전체두수,5000두 이상(호수),5000두 이상(두수),5000두-2000두 이상(호수),5000두-2000두 이상(두수),2000두-1000두 이상(호수),2000두-1000두 이상(두수),1000두-500두 이상(호수),1000두-500두 이상(두수),500두-100두 이상(호수),500두-100두 이상(두수),100두-20두 이상(호수),100두-20두 이상(두수),20두-0두 이상(호수),20두-0두 이상(두수)
1,토끼,서울,서울,2024,1,25,0,0,0,0,0,0,0,0,0,0,1,25,0,0
2,토끼,서울,서울,2023,1,25,0,0,0,0,0,0,0,0,0,0,1,25,0,0
3,토끼,서울,서울,2022,1,25,0,0,0,0,0,0,0,0,0,0,1,25,0,0
4,토끼,서울,서울,2021,2,30,0,0,0,0,0,0,0,0,0,0,1,25,1,5
5,토끼,서울,서울,2019,1,20,0,0,0,0,0,0,0,0,0,0,1,20,0,0
6,토끼,서울,서울,2018,2,50,0,0,0,0,0,0,0,0,0,0,2,50,0,0
7,토끼,서울,서울,2017,2,22,0,0,0,0,0,0,0,0,0,0,1,20,1,2
8,토끼,부산,부산,2024,1,20,0,0,0,0,0,0,0,0,0,0,1,20,0,0
9,토끼,부산,부산,2022,1,15,0,0,0,0,0,0,0,0,0,0,0,0,1,15
10,토끼,부산,부산,2021,1,20,0,0,0,0,0,0,0,0,0,0,1,20,0,0
11,토끼,대구,대구,2024,7,76,0,0,0,0,0,0,0,0,0,0,1,30,6,46
12,토끼,대구,대구,2023,7,125,0,0,0,0,0,0,0,0,0,0,2,80,5,45
13,토끼,대구,대구,2022,7,82,0,0,0,0,0,0,0,0,0,0,1,30,6,52
14,토끼,대구,대구,2021,4,34,0,0,0,0,0,0,0,0,0,0,0,0,4,34
15,토끼,대구,대구,2018,1,20,0,0,0,0,0,0,0,0,0,0,1,20,0,0
16,토끼,대구,대구,2017,1,20,0,0,0,0,0,0,0,0,0,0,1,20,0,0
17,토끼,인천,인천,2024,18,168,0,0,0,0,0,0,0,0,0,0,3,75,15,93
18,토끼,인천,인천,2023,24,213,0,0,0,0,0,0,0,0,0,0,2,77,22,136
19,토끼,인천,인천,2022,34,343,0,0,0,0,0,0,0,0,0,0,4,184,30,159
20,토끼,인천,인천,2021,36,379,0,0,0,0,0,0,0,0,0,0,5,214,31,165
21,토끼,인천,인천,2019,25,228,0,0,0,0,0,0,0,0,0,0,4,140,21,88
22,토끼,인천,인천,2018,21,267,0,0,0,0,0,0,0,0,0,0,4,170,17,97
23,토끼,인천,인천,2017,28,377,0,0,0,0,0,0,0,0,1,100,6,161,21,116
24,토끼,대전,대전,2024,17,744,0,0,0,0,0,0,1,500,1,100,2,97,13,47
25,토끼,대전,대전,2023,11,200,0,0,0,0,0,0,0,0,1,100,2,57,8,43
26,토끼,대전,대전,2022,5,183,0,0,0,0,0,0,0,0,1,100,1,50,3,33
27,토끼,대전,대전,2021,6,137,0,0,0,0,0,0,0,0,1,100,0,0,5,37
28,토끼,대전,대전,2019,4,75,0,0,0,0,0,0,0,0,0,0,2,68,2,7
29,토끼,대전,대전,2018,5,74,0,0,0,0,0,0,0,0,0,0,2,55,3,19
30,토끼,대전,대전,2017,4,215,0,0,0,0,0,0,0,0,1,200,0,0,2,15
31,토끼,울산,울산,2024,5,246,0,0,0,0,0,0,0,0,1,200,1,30,3,16
32,토끼,울산,울산,2023,4,85,0,0,0,0,0,0,0,0,0,0,3,70,1,15
33,토끼,울산,울산,2022,9,153,0,0,0,0,0,0,0,0,0,0,5,130,4,23
34,토끼,울산,울산,2021,8,118,0,0,0,0,0,0,0,0,0,0,4,100,4,18
35,토끼,울산,울산,2019,8,69,0,0,0,0,0,0,0,0,0,0,1,20,7,49
36,토끼,울산,울산,2018,4,62,0,0,0,0,0,0,0,0,0,0,2,50,2,12
37,토끼,울산,울산,2017,3,63,0,0,0,0,0,0,0,0,0,0,2,50,1,13
38,토끼,세종,세종,2024,12,127,0,0,0,0,0,0,0,0,0,0,3,85,9,42
39,토끼,세종,세종,2023,13,133,0,0,0,0,0,0,0,0,0,0,3,80,10,53
40,토끼,세종,세종,2022,16,166,0,0,0,0,0,0,0,0,0,0,4,100,12,66
41,토끼,세종,세종,2021,10,129,0,0,0,0,0,0,0,0,0,0,4,110,6,19
42,토끼,세종,세종,2019,3,44,0,0,0,0,0,0,0,0,0,0,2,40,1,4
43,토끼,세종,세종,2018,4,65,0,0,0,0,0,0,0,0,0,0,3,61,1,4
44,토끼,세종,세종,2017,9,105,0,0,0,0,0,0,0,0,0,0,4,86,5,19
45,토끼,경기,수원시,2024,2,3,0,0,0,0,0,0,0,0,0,0,0,0,2,3
46,토끼,경기,수원시,2023,1,1,0,0,0,0,0,0,0,0,0,0,0,0,1,1
47,토끼,경기,수원시,2022,2,11,0,0,0,0,0,0,0,0,0,0,0,0,2,11
48,토끼,경기,수원시,2019,1,19,0,0,0,0,0,0,0,0,0,0,0,0,1,19
49,토끼,경기,수원시,2018,1,10,0,0,0,0,0,0,0,0,0,0,0,0,1,10
50,토끼,경기,수원시,2017,1,14,0,0,0,0,0,0,0,0,0,0,0,0,1,14
51,토끼,경기,성남시,2017,1,40,0,0,0,0,0,0,0,0,0,0,1,40,0,0
52,토끼,경기,의정부시,2024,2,3,0,0,0,0,0,0,0,0,0,0,0,0,2,3
53,토끼,경기,의정부시,2023,2,19,0,0,0,0,0,0,0,0,0,0,0,0,2,19
54,토끼,경기,의정부시,2022,2,11,0,0,0,0,0,0,0,0,0,0,0,0,2,11
55,토끼,경기,의정부시,2021,2,11,0,0,0,0,0,0,0,0,0,0,0,0,2,11
56,토끼,경기,의정부시,2019,1,6,0,0,0,0,0,0,0,0,0,0,0,0,1,6
57,토끼,경기,의정부시,2018,1,3,0,0,0,0,0,0,0,0,0,0,0,0,1,3
58,토끼,경기,의정부시,2017,1,1,0,0,0,0,0,0,0,0,0,0,0,0,1,1
59,토끼,경기,부천시 소사구,2019,1,10,0,0,0,0,0,0,0,0,0,0,0,0,1,10
60,토끼,경기,부천시 소사구,2018,1,20,0,0,0,0,0,0,0,0,0,0,1,20,0,0
61,토끼,경기,부천시 소사구,2017,1,20,0,0,0,0,0,0,0,0,0,0,1,20,0,0
62,토끼,경기,부천시 오정구,2024,1,15,0,0,0,0,0,0,0,0,0,0,0,0,1,15
63,토끼,경기,부천시 오정구,2023,1,20,0,0,0,0,0,0,0,0,0,0,1,20,0,0
64,토끼,경기,부천시 오정구,2022,1,20,0,0,0,0,0,0,0,0,0,0,1,20,0,0
65,토끼,경기,부천시 오정구,2021,1,20,0,0,0,0,0,0,0,0,0,0,1,20,0,0
66,토끼,경기,부천시 오정구,2019,2,10,0,0,0,0,0,0,0,0,0,0,0,0,2,10
67,토끼,경기,부천시 오정구,2017,1,30,0,0,0,0,0,0,0,0,0,0,1,30,0,0
68,토끼,경기,광명시,2024,1,2,0,0,0,0,0,0,0,0,0,0,0,0,1,2
69,토끼,경기,광명시,2023,1,150,0,0,0,0,0,0,0,0,1,150,0,0,0,0
70,토끼,경기,광명시,2022,1,150,0,0,0,0,0,0,0,0,1,150,0,0,0,0
71,토끼,경기,광명시,2021,4,74,0,0,0,0,0,0,0,0,0,0,1,60,3,14
72,토끼,경기,광명시,2017,2,21,0,0,0,0,0,0,0,0,0,0,0,0,2,21
73,토끼,경기,평택시,2024,10,109,0,0,0,0,0,0,0,0,0,0,1,60,9,49
74,토끼,경기,평택시,2023,10,113,0,0,0,0,0,0,0,0,0,0,2,40,8,73
75,토끼,경기,평택시,2022,13,220,0,0,0,0,0,0,0,0,1,100,2,60,10,60
76,토끼,경기,평택시,2021,12,102,0,0,0,0,0,0,0,0,0,0,2,53,10,49
77,토끼,경기,평택시,2019,8,269,0,0,0,0,0,0,0,0,1,150,4,110,3,9
78,토끼,경기,평택시,2018,9,249,0,0,0,0,0,0,0,0,1,150,1,50,7,49
79,토끼,경기,평택시,2017,10,323,0,0,0,0,0,0,0,0,1,200,2,80,7,43
80,토끼,경기,동두천시,2022,1,10,0,0,0,0,0,0,0,0,0,0,0,0,1,10
81,토끼,경기,동두천시,2019,1,15,0,0,0,0,0,0,0,0,0,0,0,0,1,15
82,토끼,경기,동두천시,2018,3,319,0,0,0,0,0,0,0,0,1,300,0,0,2,19
83,토끼,경기,동두천시,2017,5,358,0,0,0,0,0,0,0,0,1,300,1,50,3,8
84,토끼,경기,안산시,2024,3,21,0,0,0,0,0,0,0,0,0,0,0,0,3,21
85,토끼,경기,안산시,2023,4,23,0,0,0,0,0,0,0,0,0,0,0,0,4,23
86,토끼,경기,안산시,2022,6,59,0,0,0,0,0,0,0,0,0,0,0,0,6,59
87,토끼,경기,안산시,2021,6,55,0,0,0,0,0,0,0,0,0,0,0,0,6,55
88,토끼,경기,안산시,2019,2,10,0,0,0,0,0,0,0,0,0,0,0,0,2,10
89,토끼,경기,안산시,2018,2,52,0,0,0,0,0,0,0,0,0,0,1,50,1,2
90,토끼,경기,안산시,2017,1,50,0,0,0,0,0,0,0,0,0,0,1,50,0,0
91,토끼,경기,고양시,2024,9,199,0,0,0,0,0,0,0,0,1,100,2,65,6,34
92,토끼,경기,고양시,2023,9,289,0,0,0,0,0,0,0,0,1,200,2,60,6,29
93,토끼,경기,고양시,2022,9,76,0,0,0,0,0,0,0,0,0,0,2,40,7,36
94,토끼,경기,고양시,2021,8,107,0,0,0,0,0,0,0,0,0,0,2,62,6,45
95,토끼,경기,고양시,2019,9,118,0,0,0,0,0,0,0,0,0,0,2,70,7,48
96,토끼,경기,고양시,2018,8,181,0,0,0,0,0,0,0,0,0,0,4,160,4,21
97,토끼,경기,고양시,2017,2,105,0,0,0,0,0,0,0,0,0,0,2,105,0,0
98,토끼,경기,구리시,2022,1,5,0,0,0,0,0,0,0,0,0,0,0,0,1,5
99,토끼,경기,남양주시,2024,5,31,0,0,0,0,0,0,0,0,0,0,0,0,5,31
100,토끼,경기,남양주시,2023,8,64,0,0,0,0,0,0,0,0,0,0,1,20,7,44
101,토끼,경기,남양주시,2022,9,66,0,0,0,0,0,0,0,0,0,0,1,20,8,46
102,토끼,경기,남양주시,2021,8,69,0,0,0,0,0,0,0,0,0,0,1,20,7,49
103,토끼,경기,남양주시,2019,3,15,0,0,0,0,0,0,0,0,0,0,0,0,3,15
104,토끼,경기,남양주시,2018,3,13,0,0,0,0,0,0,0,0,0,0,0,0,3,13
105,토끼,경기,남양주시,2017,1,1,0,0,0,0,0,0,0,0,0,0,0,0,1,1
106,토끼,경기,오산시,2024,1,4,0,0,0,0,0,0,0,0,0,0,0,0,1,4
107,토끼,경기,오산시,2023,1,8,0,0,0,0,0,0,0,0,0,0,0,0,1,8
108,토끼,경기,오산시,2022,1,10,0,0,0,0,0,0,0,0,0,0,0,0,1,10
109,토끼,경기,오산시,2021,1,30,0,0,0,0,0,0,0,0,0,0,1,30,0,0
110,토끼,경기,오산시,2019,1,8,0,0,0,0,0,0,0,0,0,0,0,0,1,8
111,토끼,경기,오산시,2018,1,8,0,0,0,0,0,0,0,0,0,0,0,0,1,8
112,토끼,경기,오산시,2017,2,10,0,0,0,0,0,0,0,0,0,0,0,0,2,10
113,토끼,경기,시흥시,2024,8,78,0,0,0,0,0,0,0,0,0,0,2,42,6,36
114,토끼,경기,시흥시,2023,12,129,0,0,0,0,0,0,0,0,0,0,2,70,10,59
115,토끼,경기,시흥시,2022,7,84,0,0,0,0,0,0,0,0,0,0,2,60,5,24
116,토끼,경기,시흥시,2021,4,53,0,0,0,0,0,0,0,0,0,0,1,40,3,13
117,토끼,경기,시흥시,2019,8,273,0,0,0,0,0,0,0,0,1,150,2,90,5,33
118,토끼,경기,시흥시,2018,4,116,0,0,0,0,0,0,0,0,1,100,0,0,3,16
119,토끼,경기,군포시,2024,3,63,0,0,0,0,0,0,0,0,0,0,2,60,1,3
120,토끼,경기,군포시,2023,3,71,0,0,0,0,0,0,0,0,0,0,2,70,1,1
121,토끼,경기,군포시,2022,3,225,0,0,0,0,0,0,0,0,1,200,1,22,1,3
122,토끼,경기,군포시,2021,1,180,0,0,0,0,0,0,0,0,1,180,0,0,0,0
123,토끼,경기,의왕시,2024,2,12,0,0,0,0,0,0,0,0,0,0,0,0,2,12
124,토끼,경기,의왕시,2023,5,18,0,0,0,0,0,0,0,0,0,0,0,0,5,18
125,토끼,경기,의왕시,2022,5,38,0,0,0,0,0,0,0,0,0,0,1,20,4,18
126,토끼,경기,의왕시,2021,5,36,0,0,0,0,0,0,0,0,0,0,1,20,4,16
127,토끼,경기,의왕시,2019,1,9,0,0,0,0,0,0,0,0,0,0,0,0,1,9
128,토끼,경기,의왕시,2018,3,24,0,0,0,0,0,0,0,0,0,0,0,0,3,24
129,토끼,경기,의왕시,2017,2,18,0,0,0,0,0,0,0,0,0,0,0,0,2,18
130,토끼,경기,하남시,2024,2,260,0,0,0,0,0,0,0,0,1,250,0,0,1,10
131,토끼,경기,하남시,2023,2,14,0,0,0,0,0,0,0,0,0,0,0,0,2,14
132,토끼,경기,하남시,2022,3,70,0,0,0,0,0,0,0,0,0,0,2,60,1,10
133,토끼,경기,하남시,2021,3,130,0,0,0,0,0,0,0,0,0,0,3,130,0,0
134,토끼,경기,하남시,2019,2,22,0,0,0,0,0,0,0,0,0,0,1,20,1,2
135,토끼,경기,하남시,2018,2,15,0,0,0,0,0,0,0,0,0,0,0,0,2,15
136,토끼,경기,용인시,2024,8,63,0,0,0,0,0,0,0,0,0,0,1,25,7,38
137,토끼,경기,용인시,2023,9,46,0,0,0,0,0,0,0,0,0,0,0,0,9,46
138,토끼,경기,용인시,2022,10,109,0,0,0,0,0,0,0,0,0,0,3,90,7,19
139,토끼,경기,용인시,2021,13,164,0,0,0,0,0,0,0,0,0,0,4,115,9,49
140,토끼,경기,용인시,2019,8,72,0,0,0,0,0,0,0,0,0,0,1,20,7,52
141,토끼,경기,용인시,2018,10,86,0,0,0,0,0,0,0,0,0,0,1,20,9,66
142,토끼,경기,용인시,2017,6,58,0,0,0,0,0,0,0,0,0,0,1,20,5,38
143,토끼,경기,용인시 처인구,2024,1,80,0,0,0,0,0,0,0,0,0,0,1,80,0,0
144,토끼,경기,용인시 처인구,2023,1,20,0,0,0,0,0,0,0,0,0,0,1,20,0,0
145,토끼,경기,용인시 처인구,2022,1,20,0,0,0,0,0,0,0,0,0,0,1,20,0,0
146,토끼,경기,용인시 처인구,2021,1,10,0,0,0,0,0,0,0,0,0,0,0,0,1,10
147,토끼,경기,용인시 처인구,2019,1,40,0,0,0,0,0,0,0,0,0,0,1,40,0,0
148,토끼,경기,용인시 처인구,2018,1,40,0,0,0,0,0,0,0,0,0,0,1,40,0,0
149,토끼,경기,용인시 처인구,2017,1,45,0,0,0,0,0,0,0,0,0,0,1,45,0,0
150,토끼,경기,파주시,2024,14,284,0,0,0,0,0,0,0,0,1,150,3,61,10,73
151,토끼,경기,파주시,2023,11,221,0,0,0,0,0,0,0,0,1,100,3,70,7,51
152,토끼,경기,파주시,2022,14,154,0,0,0,0,0,0,0,0,0,0,3,90,11,64
153,토끼,경기,파주시,2021,9,73,0,0,0,0,0,0,0,0,0,0,1,20,8,53
154,토끼,경기,파주시,2019,10,75,0,0,0,0,0,0,0,0,0,0,0,0,10,75
155,토끼,경기,파주시,2018,9,160,0,0,0,0,0,0,0,0,1,100,1,30,7,30
156,토끼,경기,파주시,2017,11,62,0,0,0,0,0,0,0,0,0,0,0,0,11,62
157,토끼,경기,이천시,2024,5,37,0,0,0,0,0,0,0,0,0,0,1,30,4,7
158,토끼,경기,이천시,2023,6,77,0,0,0,0,0,0,0,0,0,0,2,51,4,26
159,토끼,경기,이천시,2022,9,80,0,0,0,0,0,0,0,0,0,0,1,30,8,50
160,토끼,경기,이천시,2021,9,62,0,0,0,0,0,0,0,0,0,0,1,20,8,42
161,토끼,경기,이천시,2019,6,73,0,0,0,0,0,0,0,0,0,0,1,30,5,43
162,토끼,경기,이천시,2018,2,17,0,0,0,0,0,0,0,0,0,0,0,0,2,17
163,토끼,경기,이천시,2017,2,0,0,0,0,0,0,0,0,0,0,0,0,0,0,0
164,토끼,경기,안성시,2024,11,282,0,0,0,0,0,0,0,0,0,0,4,219,7,63
165,토끼,경기,안성시,2023,10,266,0,0,0,0,0,0,0,0,0,0,4,229,6,37
166,토끼,경기,안성시,2022,16,264,0,0,0,0,0,0,0,0,0,0,3,199,13,65
167,토끼,경기,안성시,2021,20,452,0,0,0,0,0,0,0,0,1,162,7,229,12,61
168,토끼,경기,안성시,2019,19,464,0,0,0,0,0,0,0,0,1,230,4,160,14,74
169,토끼,경기,안성시,2018,17,222,0,0,0,0,0,0,0,0,0,0,3,130,14,92
170,토끼,경기,안성시,2017,11,309,0,0,0,0,0,0,0,0,0,0,6,279,4,30
171,토끼,경기,김포시,2024,8,112,0,0,0,0,0,0,0,0,0,0,2,90,6,22
172,토끼,경기,김포시,2023,8,126,0,0,0,0,0,0,0,0,0,0,2,100,6,26
173,토끼,경기,김포시,2022,9,125,0,0,0,0,0,0,0,0,0,0,2,74,7,51
174,토끼,경기,김포시,2021,8,102,0,0,0,0,0,0,0,0,0,0,3,69,5,33
175,토끼,경기,김포시,2019,2,11,0,0,0,0,0,0,0,0,0,0,0,0,2,11
176,토끼,경기,김포시,2018,6,31,0,0,0,0,0,0,0,0,0,0,0,0,6,31
177,토끼,경기,김포시,2017,6,46,0,0,0,0,0,0,0,0,0,0,1,25,5,21
178,토끼,경기,화성시,2024,17,2297,0,0,1,2000,0,0,0,0,1,180,3,68,12,49
179,토끼,경기,화성시,2023,21,2338,0,0,1,2000,0,0,0,0,1,150,3,90,16,98
180,토끼,경기,화성시,2022,15,2205,0,0,1,2000,0,0,0,0,1,120,2,40,11,45
181,토끼,경기,화성시,2021,16,2175,0,0,1,2000,0,0,0,0,0,0,3,120,12,55
182,토끼,경기,화성시,2019,9,2038,0,0,1,2000,0,0,0,0,0,0,0,0,8,38
183,토끼,경기,화성시,2018,13,2150,0,0,1,2000,0,0,0,0,0,0,2,90,10,60
184,토끼,경기,화성시,2017,19,1672,0,0,0,0,1,1500,0,0,0,0,3,110,15,62
185,토끼,경기,광주시,2024,6,35,0,0,0,0,0,0,0,0,0,0,0,0,6,35
186,토끼,경기,광주시,2023,5,44,0,0,0,0,0,0,0,0,0,0,1,30,4,14
187,토끼,경기,광주시,2022,6,60,0,0,0,0,0,0,0,0,0,0,1,40,5,20
188,토끼,경기,광주시,2021,6,66,0,0,0,0,0,0,0,0,0,0,2,50,4,16
189,토끼,경기,광주시,2019,7,54,0,0,0,0,0,0,0,0,0,0,0,0,7,54
190,토끼,경기,광주시,2018,7,154,0,0,0,0,0,0,0,0,1,100,0,0,6,54
191,토끼,경기,광주시,2017,1,40,0,0,0,0,0,0,0,0,0,0,1,40,0,0
192,토끼,경기,양주시,2024,9,323,0,0,0,0,0,0,0,0,2,250,1,46,6,27
193,토끼,경기,양주시,2023,7,256,0,0,0,0,0,0,0,0,2,200,1,46,4,10
194,토끼,경기,양주시,2022,9,359,0,0,0,0,0,0,0,0,2,300,1,46,6,13
195,토끼,경기,양주시,2021,11,406,0,0,0,0,0,0,0,0,2,300,2,75,7,31
196,토끼,경기,양주시,2019,4,380,0,0,0,0,0,0,0,0,1,300,2,70,1,10
197,토끼,경기,양주시,2018,10,597,0,0,0,0,0,0,0,0,2,400,4,180,4,17
198,토끼,경기,양주시,2017,8,758,0,0,0,0,0,0,0,0,3,600,3,150,2,8
199,토끼,경기,포천시,2024,17,1525,0,0,0,0,1,1000,0,0,2,400,3,60,11,65
200,토끼,경기,포천시,2023,18,1426,0,0,0,0,1,1000,0,0,2,300,3,67,12,59
201,토끼,경기,포천시,2022,15,1436,0,0,0,0,1,1000,0,0,2,300,1,60,11,76
202,토끼,경기,포천시,2021,11,1559,0,0,0,0,1,1000,0,0,3,500,1,25,6,34
203,토끼,경기,포천시,2019,4,555,0,0,0,0,0,0,1,500,0,0,1,50,2,5
204,토끼,경기,포천시,2018,2,128,0,0,0,0,0,0,0,0,0,0,2,128,0,0
205,토끼,경기,포천시,2017,3,303,0,0,0,0,0,0,0,0,2,300,0,0,1,3
206,토끼,경기,여주시,2024,8,50,0,0,0,0,0,0,0,0,0,0,0,0,8,50
207,토끼,경기,여주시,2023,7,47,0,0,0,0,0,0,0,0,0,0,0,0,7,47
208,토끼,경기,여주시,2022,9,64,0,0,0,0,0,0,0,0,0,0,0,0,9,64
209,토끼,경기,여주시,2021,10,68,0,0,0,0,0,0,0,0,0,0,0,0,10,68
210,토끼,경기,여주시,2019,3,12,0,0,0,0,0,0,0,0,0,0,0,0,3,12
211,토끼,경기,여주시,2018,6,47,0,0,0,0,0,0,0,0,0,0,1,30,5,17
212,토끼,경기,여주시,2017,7,115,0,0,0,0,0,0,0,0,0,0,3,82,4,33
213,토끼,경기,연천군,2024,4,11,0,0,0,0,0,0,0,0,0,0,0,0,4,11
214,토끼,경기,연천군,2023,7,35,0,0,0,0,0,0,0,0,0,0,0,0,7,35
215,토끼,경기,연천군,2022,5,24,0,0,0,0,0,0,0,0,0,0,0,0,5,24
216,토끼,경기,연천군,2021,6,69,0,0,0,0,0,0,0,0,0,0,1,50,5,19
217,토끼,경기,연천군,2019,7,103,0,0,0,0,0,0,0,0,0,0,2,70,5,33
218,토끼,경기,연천군,2018,8,106,0,0,0,0,0,0,0,0,0,0,2,60,6,46
219,토끼,경기,연천군,2017,3,21,0,0,0,0,0,0,0,0,0,0,0,0,3,21
220,토끼,경기,가평군,2024,9,87,0,0,0,0,0,0,0,0,0,0,2,60,7,27
221,토끼,경기,가평군,2023,9,97,0,0,0,0,0,0,0,0,0,0,3,72,6,25
222,토끼,경기,가평군,2022,10,147,0,0,0,0,0,0,0,0,1,100,0,0,9,47
223,토끼,경기,가평군,2021,5,91,0,0,0,0,0,0,0,0,0,0,1,70,4,21
224,토끼,경기,가평군,2017,3,6,0,0,0,0,0,0,0,0,0,0,0,0,3,6
225,토끼,경기,양평군,2024,9,43,0,0,0,0,0,0,0,0,0,0,0,0,9,43
226,토끼,경기,양평군,2023,6,37,0,0,0,0,0,0,0,0,0,0,0,0,6,37
227,토끼,경기,양평군,2022,7,63,0,0,0,0,0,0,0,0,0,0,2,40,5,23
228,토끼,경기,양평군,2021,7,37,0,0,0,0,0,0,0,0,0,0,0,0,7,37
229,토끼,경기,양평군,2019,4,78,0,0,0,0,0,0,0,0,0,0,2,50,2,28
230,토끼,경기,양평군,2018,6,58,0,0,0,0,0,0,0,0,0,0,1,30,5,28
231,토끼,경기,양평군,2017,4,50,0,0,0,0,0,0,0,0,0,0,1,30,3,20
232,토끼,강원,춘천시,2024,3,34,0,0,0,0,0,0,0,0,0,0,1,30,2,4
233,토끼,강원,춘천시,2023,5,41,0,0,0,0,0,0,0,0,0,0,1,20,4,21
234,토끼,강원,춘천시,2022,1,4,0,0,0,0,0,0,0,0,0,0,0,0,1,4
235,토끼,강원,춘천시,2021,2,11,0,0,0,0,0,0,0,0,0,0,0,0,2,11
236,토끼,강원,원주시,2024,1,10,0,0,0,0,0,0,0,0,0,0,0,0,1,10
237,토끼,강원,원주시,2023,3,31,0,0,0,0,0,0,0,0,0,0,1,20,2,11
238,토끼,강원,원주시,2022,5,71,0,0,0,0,0,0,0,0,0,0,2,60,3,11
239,토끼,강원,원주시,2021,1,40,0,0,0,0,0,0,0,0,0,0,1,40,0,0
240,토끼,강원,강릉시,2024,4,101,0,0,0,0,0,0,0,0,0,0,2,90,2,11
241,토끼,강원,강릉시,2023,6,145,0,0,0,0,0,0,0,0,0,0,3,120,3,25
242,토끼,강원,강릉시,2022,6,168,0,0,0,0,0,0,0,0,0,0,3,140,3,28
243,토끼,강원,강릉시,2021,7,211,0,0,0,0,0,0,0,0,1,100,2,90,4,21
244,토끼,강원,강릉시,2019,1,11,0,0,0,0,0,0,0,0,0,0,0,0,1,11
245,토끼,강원,동해시,2024,2,63,0,0,0,0,0,0,0,0,0,0,1,60,1,3
246,토끼,강원,동해시,2023,1,5,0,0,0,0,0,0,0,0,0,0,0,0,1,5
247,토끼,강원,동해시,2022,1,1,0,0,0,0,0,0,0,0,0,0,0,0,1,1
248,토끼,강원,동해시,2021,1,1,0,0,0,0,0,0,0,0,0,0,0,0,1,1
249,토끼,강원,속초시,2023,1,12,0,0,0,0,0,0,0,0,0,0,0,0,1,12
250,토끼,강원,삼척시,2023,2,40,0,0,0,0,0,0,0,0,0,0,2,40,0,0
251,토끼,강원,삼척시,2022,2,45,0,0,0,0,0,0,0,0,0,0,1,30,1,15
252,토끼,강원,삼척시,2021,1,50,0,0,0,0,0,0,0,0,0,0,1,50,0,0
253,토끼,강원,홍천군,2024,4,39,0,0,0,0,0,0,0,0,0,0,1,30,3,9
254,토끼,강원,홍천군,2023,4,11,0,0,0,0,0,0,0,0,0,0,0,0,4,11
255,토끼,강원,홍천군,2022,6,47,0,0,0,0,0,0,0,0,0,0,0,0,6,47
256,토끼,강원,홍천군,2021,6,57,0,0,0,0,0,0,0,0,0,0,1,20,5,37
257,토끼,강원,횡성군,2023,1,4,0,0,0,0,0,0,0,0,0,0,0,0,1,4
258,토끼,강원,횡성군,2021,2,12,0,0,0,0,0,0,0,0,0,0,0,0,2,12
259,토끼,강원,횡성군,2017,1,0,0,0,0,0,0,0,0,0,0,0,0,0,0,0
260,토끼,강원,영월군,2024,1,1,0,0,0,0,0,0,0,0,0,0,0,0,1,1
261,토끼,강원,영월군,2023,3,12,0,0,0,0,0,0,0,0,0,0,0,0,3,12
262,토끼,강원,영월군,2022,5,31,0,0,0,0,0,0,0,0,0,0,0,0,5,31
263,토끼,강원,영월군,2021,2,23,0,0,0,0,0,0,0,0,0,0,0,0,2,23
264,토끼,강원,평창군,2024,2,31,0,0,0,0,0,0,0,0,0,0,0,0,2,31
265,토끼,강원,평창군,2023,2,31,0,0,0,0,0,0,0,0,0,0,0,0,2,31
266,토끼,강원,평창군,2021,3,11,0,0,0,0,0,0,0,0,0,0,0,0,3,11
267,토끼,강원,정선군,2024,2,6,0,0,0,0,0,0,0,0,0,0,0,0,2,6
268,토끼,강원,정선군,2023,4,54,0,0,0,0,0,0,0,0,0,0,1,30,3,24
269,토끼,강원,정선군,2022,4,16,0,0,0,0,0,0,0,0,0,0,0,0,4,16
270,토끼,강원,정선군,2021,3,34,0,0,0,0,0,0,0,0,0,0,0,0,3,34
271,토끼,강원,철원군,2024,1,20,0,0,0,0,0,0,0,0,0,0,1,20,0,0
272,토끼,강원,철원군,2022,1,1,0,0,0,0,0,0,0,0,0,0,0,0,1,1
273,토끼,강원,화천군,2023,1,18,0,0,0,0,0,0,0,0,0,0,0,0,1,18
274,토끼,강원,화천군,2022,1,25,0,0,0,0,0,0,0,0,0,0,1,25,0,0
275,토끼,강원,화천군,2021,1,10,0,0,0,0,0,0,0,0,0,0,0,0,1,10
276,토끼,강원,양구군,2024,2,7,0,0,0,0,0,0,0,0,0,0,0,0,2,7
277,토끼,강원,양구군,2023,2,7,0,0,0,0,0,0,0,0,0,0,0,0,2,7
278,토끼,강원,양구군,2022,1,6,0,0,0,0,0,0,0,0,0,0,0,0,1,6
279,토끼,강원,양구군,2021,1,6,0,0,0,0,0,0,0,0,0,0,0,0,1,6
280,토끼,충북,청주시,2024,38,373,0,0,0,0,0,0,0,0,0,0,6,190,32,183
281,토끼,충북,청주시,2023,30,314,0,0,0,0,0,0,0,0,0,0,5,170,25,144
282,토끼,충북,청주시,2022,42,338,0,0,0,0,0,0,0,0,0,0,3,90,38,248
283,토끼,충북,청주시,2021,32,232,0,0,0,0,0,0,0,0,0,0,3,60,29,172
284,토끼,충북,청주시,2019,10,93,0,0,0,0,0,0,0,0,0,0,1,20,9,73
285,토끼,충북,청주시,2018,6,56,0,0,0,0,0,0,0,0,0,0,1,20,5,36
286,토끼,충북,청주시,2017,5,116,0,0,0,0,0,0,0,0,1,100,0,0,4,16
287,토끼,충북,충주시,2024,71,454,0,0,0,0,0,0,0,0,0,0,5,170,66,284
288,토끼,충북,충주시,2023,79,495,0,0,0,0,0,0,0,0,0,0,5,140,74,355
289,토끼,충북,충주시,2022,96,596,0,0,0,0,0,0,0,0,0,0,4,140,92,456
290,토끼,충북,충주시,2021,62,560,0,0,0,0,0,0,0,0,0,0,7,240,53,320
291,토끼,충북,충주시,2019,18,108,0,0,0,0,0,0,0,0,0,0,1,30,17,78
292,토끼,충북,충주시,2018,25,162,0,0,0,0,0,0,0,0,0,0,2,54,23,108
293,토끼,충북,충주시,2017,42,262,0,0,0,0,0,0,0,0,0,0,3,80,37,182
294,토끼,충북,제천시,2024,35,261,0,0,0,0,0,0,0,0,0,0,3,65,32,196
295,토끼,충북,제천시,2023,41,338,0,0,0,0,0,0,0,0,0,0,4,118,37,220
296,토끼,충북,제천시,2022,52,448,0,0,0,0,0,0,0,0,0,0,9,226,43,222
297,토끼,충북,제천시,2021,34,285,0,0,0,0,0,0,0,0,0,0,4,140,30,145
298,토끼,충북,제천시,2019,8,75,0,0,0,0,0,0,0,0,0,0,2,50,6,25
299,토끼,충북,제천시,2018,9,67,0,0,0,0,0,0,0,0,0,0,1,20,8,47
300,토끼,충북,제천시,2017,13,82,0,0,0,0,0,0,0,0,0,0,1,20,12,62
301,토끼,충북,보은군,2024,16,112,0,0,0,0,0,0,0,0,0,0,2,40,14,72
302,토끼,충북,보은군,2023,20,167,0,0,0,0,0,0,0,0,0,0,4,90,16,77
303,토끼,충북,보은군,2022,20,228,0,0,0,0,0,0,0,0,0,0,4,120,16,108
304,토끼,충북,보은군,2021,14,272,0,0,0,0,0,0,0,0,1,100,3,120,10,52
305,토끼,충북,보은군,2019,4,25,0,0,0,0,0,0,0,0,0,0,0,0,4,25
306,토끼,충북,보은군,2018,5,39,0,0,0,0,0,0,0,0,0,0,1,20,4,19
307,토끼,충북,보은군,2017,7,31,0,0,0,0,0,0,0,0,0,0,0,0,6,31
308,토끼,충북,옥천군,2024,18,150,0,0,0,0,0,0,0,0,0,0,2,50,16,100
309,토끼,충북,옥천군,2023,24,242,0,0,0,0,0,0,0,0,1,100,1,25,22,117
310,토끼,충북,옥천군,2022,29,234,0,0,0,0,0,0,0,0,0,0,2,50,26,184
311,토끼,충북,옥천군,2021,13,84,0,0,0,0,0,0,0,0,0,0,1,20,12,64
312,토끼,충북,옥천군,2019,1,10,0,0,0,0,0,0,0,0,0,0,0,0,1,10
313,토끼,충북,옥천군,2018,3,14,0,0,0,0,0,0,0,0,0,0,0,0,3,14
314,토끼,충북,옥천군,2017,4,34,0,0,0,0,0,0,0,0,0,0,0,0,4,34
315,토끼,충북,영동군,2024,7,112,0,0,0,0,0,0,0,0,0,0,2,70,5,42
316,토끼,충북,영동군,2023,4,40,0,0,0,0,0,0,0,0,0,0,1,20,3,20
317,토끼,충북,영동군,2022,6,41,0,0,0,0,0,0,0,0,0,0,0,0,6,41
318,토끼,충북,영동군,2021,3,111,0,0,0,0,0,0,0,0,1,100,0,0,2,11
319,토끼,충북,영동군,2018,2,6,0,0,0,0,0,0,0,0,0,0,0,0,2,6
320,토끼,충북,영동군,2017,2,16,0,0,0,0,0,0,0,0,0,0,0,0,2,16
321,토끼,충북,증평군,2024,8,96,0,0,0,0,0,0,0,0,0,0,2,63,6,33
322,토끼,충북,증평군,2023,10,116,0,0,0,0,0,0,0,0,0,0,2,70,8,46
323,토끼,충북,증평군,2022,13,162,0,0,0,0,0,0,0,0,0,0,2,80,11,82
324,토끼,충북,증평군,2021,7,83,0,0,0,0,0,0,0,0,0,0,1,20,6,63
325,토끼,충북,증평군,2019,4,93,0,0,0,0,0,0,0,0,0,0,2,80,2,13
326,토끼,충북,증평군,2018,4,93,0,0,0,0,0,0,0,0,0,0,2,80,2,13
327,토끼,충북,증평군,2017,3,90,0,0,0,0,0,0,0,0,0,0,2,80,1,10
328,토끼,충북,진천군,2024,20,122,0,0,0,0,0,0,0,0,0,0,2,50,18,72
329,토끼,충북,진천군,2023,24,335,0,0,0,0,0,0,0,0,1,200,2,40,21,95
330,토끼,충북,진천군,2022,25,430,0,0,0,0,0,0,0,0,1,200,4,135,20,95
331,토끼,충북,진천군,2021,11,572,0,0,0,0,0,0,1,500,0,0,2,50,8,22
332,토끼,충북,진천군,2019,6,1510,0,0,0,0,1,1000,1,500,0,0,0,0,4,10
333,토끼,충북,진천군,2018,9,1535,0,0,0,0,1,1000,1,500,0,0,1,20,6,15
334,토끼,충북,진천군,2017,9,1534,0,0,0,0,1,1000,1,500,0,0,1,20,5,14
335,토끼,충북,괴산군,2024,23,172,0,0,0,0,0,0,0,0,0,0,3,70,20,102
336,토끼,충북,괴산군,2023,22,188,0,0,0,0,0,0,0,0,0,0,4,110,18,78
337,토끼,충북,괴산군,2022,35,301,0,0,0,0,0,0,0,0,0,0,3,140,32,161
338,토끼,충북,괴산군,2021,17,167,0,0,0,0,0,0,0,0,0,0,3,81,14,86
339,토끼,충북,괴산군,2019,8,221,0,0,0,0,0,0,0,0,1,150,1,30,6,41
340,토끼,충북,괴산군,2018,4,39,0,0,0,0,0,0,0,0,0,0,1,30,3,9
341,토끼,충북,괴산군,2017,8,56,0,0,0,0,0,0,0,0,0,0,1,30,6,26
342,토끼,충북,음성군,2024,25,556,0,0,0,0,0,0,0,0,1,300,5,180,19,76
343,토끼,충북,음성군,2023,37,625,0,0,0,0,0,0,0,0,2,410,2,45,33,170
344,토끼,충북,음성군,2022,48,288,0,0,0,0,0,0,0,0,0,0,2,70,46,218
345,토끼,충북,음성군,2021,33,234,0,0,0,0,0,0,0,0,0,0,4,90,28,144
346,토끼,충북,음성군,2019,7,50,0,0,0,0,0,0,0,0,0,0,1,20,6,30
347,토끼,충북,음성군,2018,11,77,0,0,0,0,0,0,0,0,0,0,1,20,10,57
348,토끼,충북,음성군,2017,14,73,0,0,0,0,0,0,0,0,0,0,1,20,12,53
349,토끼,충북,단양군,2024,18,187,0,0,0,0,0,0,0,0,0,0,2,123,16,64
350,토끼,충북,단양군,2023,19,122,0,0,0,0,0,0,0,0,0,0,1,53,18,69
351,토끼,충북,단양군,2022,17,92,0,0,0,0,0,0,0,0,0,0,0,0,17,92
352,토끼,충북,단양군,2021,16,131,0,0,0,0,0,0,0,0,0,0,2,60,14,71
353,토끼,충북,단양군,2019,3,23,0,0,0,0,0,0,0,0,0,0,0,0,3,23
354,토끼,충북,단양군,2018,1,4,0,0,0,0,0,0,0,0,0,0,0,0,1,4
355,토끼,충북,단양군,2017,6,290,0,0,0,0,0,0,0,0,1,200,1,60,4,30
356,토끼,충남,천안시,2024,14,119,0,0,0,0,0,0,0,0,0,0,2,70,12,49
357,토끼,충남,천안시,2023,13,90,0,0,0,0,0,0,0,0,0,0,0,0,13,90
358,토끼,충남,천안시,2022,9,53,0,0,0,0,0,0,0,0,0,0,0,0,9,53
359,토끼,충남,천안시,2021,6,52,0,0,0,0,0,0,0,0,0,0,0,0,6,52
360,토끼,충남,천안시,2019,5,2523,0,0,1,2500,0,0,0,0,0,0,0,0,4,23
361,토끼,충남,천안시,2018,3,2605,0,0,1,2500,0,0,0,0,1,100,0,0,1,5
362,토끼,충남,천안시,2017,3,2900,0,0,1,2500,0,0,0,0,2,400,0,0,0,0
363,토끼,충남,공주시,2024,22,252,0,0,0,0,0,0,0,0,0,0,4,181,18,71
364,토끼,충남,공주시,2023,24,241,0,0,0,0,0,0,0,0,0,0,4,132,20,109
365,토끼,충남,공주시,2022,23,359,0,0,0,0,0,0,0,0,1,115,5,155,17,89
366,토끼,충남,공주시,2021,13,392,0,0,0,0,0,0,0,0,1,200,5,150,7,42
367,토끼,충남,공주시,2019,7,287,0,0,0,0,0,0,0,0,1,202,1,60,5,25
368,토끼,충남,공주시,2018,6,67,0,0,0,0,0,0,0,0,0,0,1,50,5,17
369,토끼,충남,공주시,2017,9,56,0,0,0,0,0,0,0,0,0,0,1,22,8,34
370,토끼,충남,보령시,2024,19,615,0,0,0,0,0,0,0,0,2,400,3,125,14,90
371,토끼,충남,보령시,2023,20,1626,0,0,0,0,1,1400,0,0,0,0,3,140,16,86
372,토끼,충남,보령시,2022,16,1166,0,0,0,0,1,1000,0,0,0,0,2,100,12,66
373,토끼,충남,보령시,2021,16,1495,0,0,0,0,1,1300,0,0,1,100,2,45,11,50
374,토끼,충남,보령시,2019,8,2212,0,0,1,2000,0,0,0,0,1,100,3,100,3,12
375,토끼,충남,보령시,2018,3,2026,0,0,1,2000,0,0,0,0,0,0,0,0,2,26
376,토끼,충남,보령시,2017,7,1842,0,0,0,0,1,1800,0,0,0,0,0,0,5,42
377,토끼,충남,아산시,2024,18,79,0,0,0,0,0,0,0,0,0,0,0,0,18,79
378,토끼,충남,아산시,2023,19,114,0,0,0,0,0,0,0,0,0,0,2,40,17,74
379,토끼,충남,아산시,2022,17,87,0,0,0,0,0,0,0,0,0,0,1,20,16,67
380,토끼,충남,아산시,2021,14,160,0,0,0,0,0,0,0,0,0,0,2,70,12,90
381,토끼,충남,아산시,2019,5,126,0,0,0,0,0,0,0,0,1,100,0,0,4,26
382,토끼,충남,아산시,2018,2,28,0,0,0,0,0,0,0,0,0,0,1,25,1,3
383,토끼,충남,아산시,2017,2,35,0,0,0,0,0,0,0,0,0,0,1,25,1,10
384,토끼,충남,서산시,2024,25,3057,0,0,1,2800,0,0,0,0,0,0,4,125,20,132
385,토끼,충남,서산시,2023,36,3252,0,0,1,3000,0,0,0,0,0,0,3,80,32,172
386,토끼,충남,서산시,2022,33,301,0,0,0,0,0,0,0,0,0,0,4,125,29,176
387,토끼,충남,서산시,2021,19,202,0,0,0,0,0,0,0,0,0,0,4,100,15,102
388,토끼,충남,서산시,2019,1,5,0,0,0,0,0,0,0,0,0,0,0,0,1,5
389,토끼,충남,서산시,2017,2,9,0,0,0,0,0,0,0,0,0,0,0,0,2,9
390,토끼,충남,논산시,2024,15,100,0,0,0,0,0,0,0,0,0,0,1,20,14,80
391,토끼,충남,논산시,2023,15,109,0,0,0,0,0,0,0,0,0,0,2,55,13,54
392,토끼,충남,논산시,2022,19,161,0,0,0,0,0,0,0,0,0,0,3,76,16,85
393,토끼,충남,논산시,2021,15,154,0,0,0,0,0,0,0,0,0,0,4,110,11,44
394,토끼,충남,논산시,2019,5,41,0,0,0,0,0,0,0,0,0,0,1,25,4,16
395,토끼,충남,논산시,2018,1,13,0,0,0,0,0,0,0,0,0,0,0,0,1,13
396,토끼,충남,논산시,2017,1,7,0,0,0,0,0,0,0,0,0,0,0,0,1,7
397,토끼,충남,당진시,2024,24,328,0,0,0,0,0,0,0,0,1,100,3,100,20,128
398,토끼,충남,당진시,2023,30,265,0,0,0,0,0,0,0,0,1,100,1,20,28,145
399,토끼,충남,당진시,2022,29,333,0,0,0,0,0,0,0,0,1,100,3,70,25,163
400,토끼,충남,당진시,2021,22,375,0,0,0,0,0,0,0,0,1,100,3,150,18,125
401,토끼,충남,당진시,2019,3,63,0,0,0,0,0,0,0,0,0,0,1,40,2,23
402,토끼,충남,당진시,2018,3,47,0,0,0,0,0,0,0,0,0,0,1,30,2,17
403,토끼,충남,당진시,2017,3,20,0,0,0,0,0,0,0,0,0,0,0,0,2,20
404,토끼,충남,금산군,2024,11,86,0,0,0,0,0,0,0,0,0,0,2,40,9,46
405,토끼,충남,금산군,2023,8,86,0,0,0,0,0,0,0,0,0,0,2,50,6,36
406,토끼,충남,금산군,2022,5,91,0,0,0,0,0,0,0,0,0,0,2,69,3,22
407,토끼,충남,금산군,2021,6,63,0,0,0,0,0,0,0,0,0,0,2,45,4,18
408,토끼,충남,금산군,2019,7,156,0,0,0,0,0,0,0,0,0,0,3,140,4,16
409,토끼,충남,금산군,2018,6,111,0,0,0,0,0,0,0,0,0,0,2,90,4,21
410,토끼,충남,금산군,2017,6,107,0,0,0,0,0,0,0,0,0,0,1,70,4,37
411,토끼,충남,부여군,2024,16,4557,0,0,1,4500,0,0,0,0,0,0,0,0,15,57
412,토끼,충남,부여군,2023,14,4652,0,0,1,4500,0,0,0,0,0,0,5,131,8,21
413,토끼,충남,부여군,2022,8,1548,0,0,0,0,1,1500,0,0,0,0,1,30,6,18
414,토끼,충남,부여군,2021,7,2473,0,0,0,0,2,2400,0,0,0,0,2,60,3,13
415,토끼,충남,부여군,2019,3,1423,0,0,0,0,1,1200,0,0,1,200,1,23,0,0
416,토끼,충남,부여군,2018,3,1225,0,0,0,0,1,1200,0,0,0,0,1,20,1,5
417,토끼,충남,부여군,2017,3,1220,0,0,0,0,1,1200,0,0,0,0,1,20,0,0
418,토끼,충남,서천군,2024,7,45,0,0,0,0,0,0,0,0,0,0,0,0,7,45
419,토끼,충남,서천군,2023,8,61,0,0,0,0,0,0,0,0,0,0,1,20,7,41
420,토끼,충남,서천군,2022,7,57,0,0,0,0,0,0,0,0,0,0,1,20,6,37
421,토끼,충남,서천군,2021,6,50,0,0,0,0,0,0,0,0,0,0,2,40,4,10
422,토끼,충남,서천군,2019,2,34,0,0,0,0,0,0,0,0,0,0,1,25,1,9
423,토끼,충남,서천군,2018,3,13,0,0,0,0,0,0,0,0,0,0,0,0,3,13
424,토끼,충남,서천군,2017,2,12,0,0,0,0,0,0,0,0,0,0,0,0,2,12
425,토끼,충남,청양군,2024,11,148,0,0,0,0,0,0,0,0,0,0,4,110,7,38
426,토끼,충남,청양군,2023,10,90,0,0,0,0,0,0,0,0,0,0,2,60,8,30
427,토끼,충남,청양군,2022,7,41,0,0,0,0,0,0,0,0,0,0,1,30,6,11
428,토끼,충남,청양군,2021,8,50,0,0,0,0,0,0,0,0,0,0,1,30,7,20
429,토끼,충남,청양군,2019,1,15,0,0,0,0,0,0,0,0,0,0,0,0,1,15
430,토끼,충남,청양군,2018,7,55,0,0,0,0,0,0,0,0,0,0,1,20,6,35
431,토끼,충남,청양군,2017,10,73,0,0,0,0,0,0,0,0,0,0,1,20,9,53
432,토끼,충남,홍성군,2024,49,475,0,0,0,0,0,0,0,0,0,0,11,285,38,190
433,토끼,충남,홍성군,2023,44,521,0,0,0,0,0,0,0,0,1,100,6,200,37,221
434,토끼,충남,홍성군,2022,43,543,0,0,0,0,0,0,0,0,1,100,7,220,35,223
435,토끼,충남,홍성군,2021,29,457,0,0,0,0,0,0,0,0,1,100,6,220,22,137
436,토끼,충남,홍성군,2019,3,13,0,0,0,0,0,0,0,0,0,0,0,0,3,13
437,토끼,충남,홍성군,2018,16,118,0,0,0,0,0,0,0,0,0,0,1,30,15,88
438,토끼,충남,홍성군,2017,21,153,0,0,0,0,0,0,0,0,0,0,2,55,16,98
439,토끼,충남,예산군,2024,27,519,0,0,0,0,0,0,0,0,1,150,4,235,22,134
440,토끼,충남,예산군,2023,20,409,0,0,0,0,0,0,0,0,2,250,2,71,16,88
441,토끼,충남,예산군,2022,17,205,0,0,0,0,0,0,0,0,0,0,3,140,14,65
442,토끼,충남,예산군,2021,10,255,0,0,0,0,0,0,0,0,1,150,1,60,8,45
443,토끼,충남,예산군,2019,4,19,0,0,0,0,0,0,0,0,0,0,0,0,4,19
444,토끼,충남,예산군,2018,1,10,0,0,0,0,0,0,0,0,0,0,0,0,1,10
445,토끼,충남,예산군,2017,4,60,0,0,0,0,0,0,0,0,0,0,2,48,2,12
446,토끼,충남,태안군,2024,14,102,0,0,0,0,0,0,0,0,0,0,3,69,11,33
447,토끼,충남,태안군,2023,13,184,0,0,0,0,0,0,0,0,0,0,4,161,9,23
448,토끼,충남,태안군,2022,13,117,0,0,0,0,0,0,0,0,0,0,2,67,11,50
449,토끼,충남,태안군,2021,9,87,0,0,0,0,0,0,0,0,0,0,2,55,7,32
450,토끼,충남,태안군,2019,1,7,0,0,0,0,0,0,0,0,0,0,0,0,1,7
451,토끼,충남,태안군,2017,1,80,0,0,0,0,0,0,0,0,0,0,1,80,0,0
452,토끼,전남,여수시,2024,1,8,0,0,0,0,0,0,0,0,0,0,0,0,1,8
453,토끼,전남,여수시,2023,1,3,0,0,0,0,0,0,0,0,0,0,0,0,1,3
454,토끼,전남,여수시,2022,1,3,0,0,0,0,0,0,0,0,0,0,0,0,1,3
455,토끼,전남,여수시,2021,1,3,0,0,0,0,0,0,0,0,0,0,0,0,1,3
456,토끼,전남,순천시,2024,1,2,0,0,0,0,0,0,0,0,0,0,0,0,1,2
457,토끼,전남,순천시,2023,1,1,0,0,0,0,0,0,0,0,0,0,0,0,1,1
458,토끼,전남,순천시,2022,1,1,0,0,0,0,0,0,0,0,0,0,0,0,1,1
459,토끼,전남,순천시,2021,3,28,0,0,0,0,0,0,0,0,0,0,1,20,1,8
460,토끼,전남,순천시,2017,1,30,0,0,0,0,0,0,0,0,0,0,1,30,0,0
461,토끼,전남,나주시,2019,6,98,0,0,0,0,0,0,0,0,0,0,1,70,5,28
462,토끼,전남,담양군,2024,6,155,0,0,0,0,0,0,0,0,0,0,3,140,3,15
463,토끼,전남,담양군,2023,7,193,0,0,0,0,0,0,0,0,1,100,2,80,4,13
464,토끼,전남,담양군,2022,3,60,0,0,0,0,0,0,0,0,0,0,2,50,1,10
465,토끼,전남,담양군,2021,1,20,0,0,0,0,0,0,0,0,0,0,1,20,0,0
466,토끼,전남,곡성군,2024,2,217,0,0,0,0,0,0,0,0,1,200,0,0,1,17
467,토끼,전남,곡성군,2023,2,212,0,0,0,0,0,0,0,0,1,200,0,0,1,12
468,토끼,전남,곡성군,2022,1,29,0,0,0,0,0,0,0,0,0,0,1,29,0,0
469,토끼,전남,곡성군,2021,1,5,0,0,0,0,0,0,0,0,0,0,0,0,1,5
470,토끼,전남,보성군,2022,1,16,0,0,0,0,0,0,0,0,0,0,0,0,1,16
471,토끼,전남,강진군,2021,1,3,0,0,0,0,0,0,0,0,0,0,0,0,1,3
472,토끼,전남,영암군,2024,1,10,0,0,0,0,0,0,0,0,0,0,0,0,1,10
473,토끼,전남,무안군,2024,3,27,0,0,0,0,0,0,0,0,0,0,1,20,2,7
474,토끼,전남,무안군,2023,3,61,0,0,0,0,0,0,0,0,0,0,1,35,2,26
475,토끼,전남,무안군,2022,2,154,0,0,0,0,0,0,0,0,1,150,0,0,1,4
476,토끼,전남,무안군,2018,1,30,0,0,0,0,0,0,0,0,0,0,1,30,0,0
477,토끼,전남,함평군,2024,5,94,0,0,0,0,0,0,0,0,0,0,1,40,4,54
478,토끼,전남,함평군,2023,9,272,0,0,0,0,0,0,0,0,1,160,3,90,5,22
479,토끼,전남,함평군,2022,8,139,0,0,0,0,0,0,0,0,0,0,2,115,6,24
480,토끼,전남,함평군,2021,3,58,0,0,0,0,0,0,0,0,0,0,1,30,2,28
481,토끼,전남,영광군,2024,6,188,0,0,0,0,0,0,0,0,1,110,2,70,3,8
482,토끼,전남,영광군,2023,7,199,0,0,0,0,0,0,0,0,1,150,1,20,5,29
483,토끼,전남,영광군,2022,3,16,0,0,0,0,0,0,0,0,0,0,0,0,3,16
484,토끼,전남,영광군,2021,2,27,0,0,0,0,0,0,0,0,0,0,0,0,2,27
485,토끼,전남,장성군,2023,1,5,0,0,0,0,0,0,0,0,0,0,0,0,1,5
486,토끼,전남,신안군,2024,1,12,0,0,0,0,0,0,0,0,0,0,0,0,1,12
487,토끼,경북,포항시,2024,3,10,0,0,0,0,0,0,0,0,0,0,0,0,3,10
488,토끼,경북,포항시,2023,4,14,0,0,0,0,0,0,0,0,0,0,0,0,4,14
489,토끼,경북,포항시,2022,7,61,0,0,0,0,0,0,0,0,0,0,2,40,5,21
490,토끼,경북,포항시,2021,4,13,0,0,0,0,0,0,0,0,0,0,0,0,4,13
491,토끼,경북,포항시,2018,3,15,0,0,0,0,0,0,0,0,0,0,0,0,3,15
492,토끼,경북,포항시,2017,3,23,0,0,0,0,0,0,0,0,0,0,0,0,3,23
493,토끼,경북,경주시,2024,9,47,0,0,0,0,0,0,0,0,0,0,0,0,9,47
494,토끼,경북,경주시,2023,12,129,0,0,0,0,0,0,0,0,0,0,1,50,11,79
495,토끼,경북,경주시,2022,15,115,0,0,0,0,0,0,0,0,0,0,1,20,14,95
496,토끼,경북,경주시,2021,12,106,0,0,0,0,0,0,0,0,0,0,1,25,11,81
497,토끼,경북,경주시,2019,2,13,0,0,0,0,0,0,0,0,0,0,0,0,2,13
498,토끼,경북,경주시,2018,5,32,0,0,0,0,0,0,0,0,0,0,0,0,5,32
499,토끼,경북,경주시,2017,5,35,0,0,0,0,0,0,0,0,0,0,0,0,5,35
500,토끼,경북,김천시,2024,3,10,0,0,0,0,0,0,0,0,0,0,0,0,3,10
501,토끼,경북,김천시,2023,3,16,0,0,0,0,0,0,0,0,0,0,0,0,3,16
502,토끼,경북,김천시,2022,3,15,0,0,0,0,0,0,0,0,0,0,0,0,3,15
503,토끼,경북,김천시,2021,3,15,0,0,0,0,0,0,0,0,0,0,0,0,3,15
504,토끼,경북,안동시,2024,3,153,0,0,0,0,0,0,0,0,1,120,1,20,1,13
505,토끼,경북,안동시,2023,3,115,0,0,0,0,0,0,0,0,0,0,3,115,0,0
506,토끼,경북,안동시,2022,4,77,0,0,0,0,0,0,0,0,0,0,3,75,1,2
507,토끼,경북,안동시,2021,3,106,0,0,0,0,0,0,0,0,1,100,0,0,2,6
508,토끼,경북,안동시,2017,1,8,0,0,0,0,0,0,0,0,0,0,0,0,1,8
509,토끼,경북,구미시,2024,9,78,0,0,0,0,0,0,0,0,0,0,0,0,9,78
510,토끼,경북,구미시,2023,9,247,0,0,0,0,0,0,0,0,1,150,2,60,6,37
511,토끼,경북,구미시,2022,3,53,0,0,0,0,0,0,0,0,0,0,1,50,2,3
512,토끼,경북,구미시,2021,1,30,0,0,0,0,0,0,0,0,0,0,1,30,0,0
513,토끼,경북,영주시,2024,5,28,0,0,0,0,0,0,0,0,0,0,0,0,5,28
514,토끼,경북,영주시,2023,4,23,0,0,0,0,0,0,0,0,0,0,0,0,4,23
515,토끼,경북,영주시,2022,5,34,0,0,0,0,0,0,0,0,0,0,1,20,4,14
516,토끼,경북,영천시,2024,10,89,0,0,0,0,0,0,0,0,0,0,2,50,8,39
517,토끼,경북,영천시,2023,7,71,0,0,0,0,0,0,0,0,0,0,1,30,6,41
518,토끼,경북,영천시,2022,10,140,0,0,0,0,0,0,0,0,0,0,2,82,8,58
519,토끼,경북,영천시,2021,6,70,0,0,0,0,0,0,0,0,0,0,1,30,5,40
520,토끼,경북,상주시,2024,5,54,0,0,0,0,0,0,0,0,0,0,0,0,5,54
521,토끼,경북,상주시,2023,6,82,0,0,0,0,0,0,0,0,0,0,2,60,4,22
522,토끼,경북,상주시,2022,5,45,0,0,0,0,0,0,0,0,0,0,0,0,5,45
523,토끼,경북,상주시,2021,7,75,0,0,0,0,0,0,0,0,0,0,2,40,5,35
524,토끼,경북,문경시,2024,3,125,0,0,0,0,0,0,0,0,1,100,0,0,2,25
525,토끼,경북,문경시,2023,5,136,0,0,0,0,0,0,0,0,1,100,1,20,3,16
526,토끼,경북,문경시,2022,7,185,0,0,0,0,0,0,0,0,1,100,2,55,4,30
527,토끼,경북,문경시,2021,8,148,0,0,0,0,0,0,0,0,0,0,2,101,6,47
528,토끼,경북,문경시,2019,1,1,0,0,0,0,0,0,0,0,0,0,0,0,1,1
529,토끼,경북,문경시,2018,1,1,0,0,0,0,0,0,0,0,0,0,0,0,1,1
530,토끼,경북,문경시,2017,4,41,0,0,0,0,0,0,0,0,0,0,1,24,3,17
531,토끼,경북,의성군,2024,6,50,0,0,0,0,0,0,0,0,0,0,1,20,5,30
532,토끼,경북,의성군,2023,3,40,0,0,0,0,0,0,0,0,0,0,1,30,2,10
533,토끼,경북,의성군,2022,3,58,0,0,0,0,0,0,0,0,0,0,1,30,2,28
534,토끼,경북,의성군,2021,1,7,0,0,0,0,0,0,0,0,0,0,0,0,1,7
535,토끼,경북,의성군,2017,1,1,0,0,0,0,0,0,0,0,0,0,0,0,1,1
536,토끼,경북,청송군,2024,2,5,0,0,0,0,0,0,0,0,0,0,0,0,2,5
537,토끼,경북,청송군,2023,1,2,0,0,0,0,0,0,0,0,0,0,0,0,1,2
538,토끼,경북,청송군,2022,2,14,0,0,0,0,0,0,0,0,0,0,0,0,2,14
539,토끼,경북,청송군,2021,1,2,0,0,0,0,0,0,0,0,0,0,0,0,1,2
540,토끼,경북,영덕군,2024,5,30,0,0,0,0,0,0,0,0,0,0,0,0,5,30
541,토끼,경북,영덕군,2023,6,32,0,0,0,0,0,0,0,0,0,0,0,0,6,32
542,토끼,경북,영덕군,2022,5,14,0,0,0,0,0,0,0,0,0,0,0,0,5,14
543,토끼,경북,영덕군,2021,2,5,0,0,0,0,0,0,0,0,0,0,0,0,2,5
544,토끼,경북,영덕군,2017,2,4,0,0,0,0,0,0,0,0,0,0,0,0,2,4
545,토끼,경북,청도군,2024,3,10,0,0,0,0,0,0,0,0,0,0,0,0,3,10
546,토끼,경북,청도군,2023,2,11,0,0,0,0,0,0,0,0,0,0,0,0,2,11
547,토끼,경북,청도군,2022,3,22,0,0,0,0,0,0,0,0,0,0,0,0,3,22
548,토끼,경북,청도군,2021,3,35,0,0,0,0,0,0,0,0,0,0,1,20,2,15
549,토끼,경북,고령군,2024,4,26,0,0,0,0,0,0,0,0,0,0,0,0,4,26
550,토끼,경북,고령군,2023,4,39,0,0,0,0,0,0,0,0,0,0,1,20,3,19
551,토끼,경북,고령군,2022,4,59,0,0,0,0,0,0,0,0,0,0,2,50,2,9
552,토끼,경북,고령군,2021,3,39,0,0,0,0,0,0,0,0,0,0,1,30,2,9
553,토끼,경북,성주군,2024,4,56,0,0,0,0,0,0,0,0,0,0,1,45,3,11
554,토끼,경북,성주군,2023,13,120,0,0,0,0,0,0,0,0,0,0,2,59,11,61
555,토끼,경북,성주군,2022,15,138,0,0,0,0,0,0,0,0,0,0,3,70,12,68
556,토끼,경북,성주군,2021,12,189,0,0,0,0,0,0,0,0,1,100,1,20,9,69
557,토끼,경북,칠곡군,2024,7,224,0,0,0,0,0,0,0,0,0,0,5,215,2,9
558,토끼,경북,칠곡군,2023,7,178,0,0,0,0,0,0,0,0,0,0,4,160,3,18
559,토끼,경북,칠곡군,2022,5,74,0,0,0,0,0,0,0,0,0,0,1,40,4,34
560,토끼,경북,칠곡군,2021,2,55,0,0,0,0,0,0,0,0,0,0,2,55,0,0
561,토끼,경북,예천군,2024,5,52,0,0,0,0,0,0,0,0,0,0,1,20,4,32
562,토끼,경북,예천군,2023,3,21,0,0,0,0,0,0,0,0,0,0,0,0,3,21
563,토끼,경북,예천군,2022,4,29,0,0,0,0,0,0,0,0,0,0,1,20,3,9
564,토끼,경북,예천군,2021,5,49,0,0,0,0,0,0,0,0,0,0,2,40,3,9
565,토끼,경북,봉화군,2024,1,4,0,0,0,0,0,0,0,0,0,0,0,0,1,4
566,토끼,경북,봉화군,2023,1,7,0,0,0,0,0,0,0,0,0,0,0,0,1,7
567,토끼,경북,봉화군,2022,1,11,0,0,0,0,0,0,0,0,0,0,0,0,1,11
568,토끼,경북,울진군,2024,7,49,0,0,0,0,0,0,0,0,0,0,1,20,6,29
569,토끼,경북,울진군,2023,6,44,0,0,0,0,0,0,0,0,0,0,1,20,5,24
570,토끼,경북,울진군,2022,6,65,0,0,0,0,0,0,0,0,0,0,1,20,5,45
571,토끼,경북,울진군,2021,7,96,0,0,0,0,0,0,0,0,0,0,2,65,5,31
572,토끼,경북,울진군,2019,1,3,0,0,0,0,0,0,0,0,0,0,0,0,1,3
573,토끼,경남,창원시,2024,2,58,0,0,0,0,0,0,0,0,0,0,1,50,1,8
574,토끼,경남,창원시,2023,2,108,0,0,0,0,0,0,0,0,1,100,0,0,1,8
575,토끼,경남,창원시,2022,3,113,0,0,0,0,0,0,0,0,1,100,0,0,2,13
576,토끼,경남,창원시,2021,4,114,0,0,0,0,0,0,0,0,1,100,0,0,3,14
577,토끼,경남,창원시,2019,2,21,0,0,0,0,0,0,0,0,0,0,0,0,2,21
578,토끼,경남,창원시,2018,2,6,0,0,0,0,0,0,0,0,0,0,0,0,2,6
579,토끼,경남,창원시,2017,2,6,0,0,0,0,0,0,0,0,0,0,0,0,2,6
580,토끼,경남,진주시,2022,5,85,0,0,0,0,0,0,0,0,0,0,2,55,3,30
581,토끼,경남,진주시,2021,5,27,0,0,0,0,0,0,0,0,0,0,0,0,5,27
582,토끼,경남,진주시,2019,1,8,0,0,0,0,0,0,0,0,0,0,0,0,1,8
583,토끼,경남,진주시,2018,2,14,0,0,0,0,0,0,0,0,0,0,0,0,2,14
584,토끼,경남,진주시,2017,2,14,0,0,0,0,0,0,0,0,0,0,0,0,2,14
585,토끼,경남,통영시,2024,1,2,0,0,0,0,0,0,0,0,0,0,0,0,1,2
586,토끼,경남,통영시,2023,1,20,0,0,0,0,0,0,0,0,0,0,1,20,0,0
587,토끼,경남,통영시,2022,1,10,0,0,0,0,0,0,0,0,0,0,0,0,1,10
588,토끼,경남,통영시,2021,1,30,0,0,0,0,0,0,0,0,0,0,1,30,0,0
589,토끼,경남,사천시,2022,1,3,0,0,0,0,0,0,0,0,0,0,0,0,1,3
590,토끼,경남,사천시,2021,3,39,0,0,0,0,0,0,0,0,0,0,1,20,2,19
591,토끼,경남,사천시,2019,3,33,0,0,0,0,0,0,0,0,0,0,1,20,2,13
592,토끼,경남,사천시,2018,2,13,0,0,0,0,0,0,0,0,0,0,0,0,2,13
593,토끼,경남,사천시,2017,1,6,0,0,0,0,0,0,0,0,0,0,0,0,1,6
594,토끼,경남,김해시,2024,4,61,0,0,0,0,0,0,0,0,0,0,1,30,3,31
595,토끼,경남,김해시,2023,4,93,0,0,0,0,0,0,0,0,0,0,1,70,3,23
596,토끼,경남,김해시,2022,8,151,0,0,0,0,0,0,0,0,1,100,0,0,7,51
597,토끼,경남,김해시,2021,16,178,0,0,0,0,0,0,0,0,1,110,0,0,15,68
598,토끼,경남,김해시,2019,1,5,0,0,0,0,0,0,0,0,0,0,0,0,1,5
599,토끼,경남,김해시,2018,1,5,0,0,0,0,0,0,0,0,0,0,0,0,1,5
600,토끼,경남,김해시,2017,1,5,0,0,0,0,0,0,0,0,0,0,0,0,1,5
601,토끼,경남,밀양시,2024,2,9,0,0,0,0,0,0,0,0,0,0,0,0,2,9
602,토끼,경남,밀양시,2023,2,13,0,0,0,0,0,0,0,0,0,0,0,0,2,13
603,토끼,경남,밀양시,2022,3,72,0,0,0,0,0,0,0,0,0,0,1,50,2,22
604,토끼,경남,밀양시,2021,2,43,0,0,0,0,0,0,0,0,0,0,1,30,1,13
605,토끼,경남,거제시,2024,1,4,0,0,0,0,0,0,0,0,0,0,0,0,1,4
606,토끼,경남,거제시,2023,1,20,0,0,0,0,0,0,0,0,0,0,1,20,0,0
607,토끼,경남,거제시,2022,2,24,0,0,0,0,0,0,0,0,0,0,1,20,1,4
608,토끼,경남,거제시,2021,3,37,0,0,0,0,0,0,0,0,0,0,1,20,2,17
609,토끼,경남,거제시,2018,2,15,0,0,0,0,0,0,0,0,0,0,0,0,2,15
610,토끼,경남,거제시,2017,3,55,0,0,0,0,0,0,0,0,0,0,1,35,2,20
611,토끼,경남,양산시,2024,2,19,0,0,0,0,0,0,0,0,0,0,0,0,2,19
612,토끼,경남,양산시,2023,2,55,0,0,0,0,0,0,0,0,0,0,2,55,0,0
613,토끼,경남,양산시,2022,5,74,0,0,0,0,0,0,0,0,0,0,2,60,3,14
614,토끼,경남,양산시,2021,3,27,0,0,0,0,0,0,0,0,0,0,1,20,2,7
615,토끼,경남,양산시,2019,5,21,0,0,0,0,0,0,0,0,0,0,0,0,5,21
616,토끼,경남,양산시,2018,5,44,0,0,0,0,0,0,0,0,0,0,1,20,4,24
617,토끼,경남,양산시,2017,8,81,0,0,0,0,0,0,0,0,0,0,2,40,6,41
618,토끼,경남,의령군,2019,2,12,0,0,0,0,0,0,0,0,0,0,0,0,2,12
619,토끼,경남,의령군,2018,2,12,0,0,0,0,0,0,0,0,0,0,0,0,2,12
620,토끼,경남,의령군,2017,3,12,0,0,0,0,0,0,0,0,0,0,0,0,2,12
621,토끼,경남,함안군,2022,1,40,0,0,0,0,0,0,0,0,0,0,1,40,0,0
622,토끼,경남,함안군,2021,5,142,0,0,0,0,0,0,0,0,1,135,0,0,4,7
623,토끼,경남,함안군,2017,1,10,0,0,0,0,0,0,0,0,0,0,0,0,1,10
624,토끼,경남,창녕군,2022,1,10,0,0,0,0,0,0,0,0,0,0,0,0,1,10
625,토끼,경남,창녕군,2021,1,8,0,0,0,0,0,0,0,0,0,0,0,0,1,8
626,토끼,경남,고성군,2024,1,35,0,0,0,0,0,0,0,0,0,0,1,35,0,0
627,토끼,경남,고성군,2023,1,36,0,0,0,0,0,0,0,0,0,0,1,36,0,0
628,토끼,경남,고성군,2022,1,10,0,0,0,0,0,0,0,0,0,0,0,0,1,10
629,토끼,경남,고성군,2017,1,2,0,0,0,0,0,0,0,0,0,0,0,0,1,2
630,토끼,경남,남해군,2023,1,20,0,0,0,0,0,0,0,0,0,0,1,20,0,0
631,토끼,경남,남해군,2022,2,21,0,0,0,0,0,0,0,0,0,0,1,20,1,1
632,토끼,경남,남해군,2021,3,44,0,0,0,0,0,0,0,0,0,0,2,42,1,2
633,토끼,경남,남해군,2019,2,24,0,0,0,0,0,0,0,0,0,0,1,20,1,4
634,토끼,경남,남해군,2018,2,24,0,0,0,0,0,0,0,0,0,0,1,20,1,4
635,토끼,경남,남해군,2017,1,4,0,0,0,0,0,0,0,0,0,0,0,0,1,4
636,토끼,경남,하동군,2022,7,99,0,0,0,0,0,0,0,0,0,0,2,60,5,39
637,토끼,경남,하동군,2021,6,85,0,0,0,0,0,0,0,0,0,0,3,80,3,5
638,토끼,경남,하동군,2019,1,2,0,0,0,0,0,0,0,0,0,0,0,0,1,2
639,토끼,경남,산청군,2024,3,120,0,0,0,0,0,0,0,0,0,0,2,105,1,15
640,토끼,경남,산청군,2023,3,105,0,0,0,0,0,0,0,0,0,0,3,105,0,0
641,토끼,경남,산청군,2022,3,26,0,0,0,0,0,0,0,0,0,0,1,20,2,6
642,토끼,경남,산청군,2021,3,25,0,0,0,0,0,0,0,0,0,0,1,20,2,5
643,토끼,경남,산청군,2019,2,23,0,0,0,0,0,0,0,0,0,0,1,20,1,3
644,토끼,경남,산청군,2018,2,23,0,0,0,0,0,0,0,0,0,0,1,20,1,3
645,토끼,경남,산청군,2017,3,25,0,0,0,0,0,0,0,0,0,0,1,20,2,5
646,토끼,경남,함양군,2021,1,5,0,0,0,0,0,0,0,0,0,0,0,0,1,5
647,토끼,경남,거창군,2024,3,30,0,0,0,0,0,0,0,0,0,0,0,0,3,30
648,토끼,경남,거창군,2023,3,80,0,0,0,0,0,0,0,0,0,0,3,80,0,0
649,토끼,경남,거창군,2022,7,129,0,0,0,0,0,0,0,0,0,0,4,100,3,29
650,토끼,경남,거창군,2021,4,106,0,0,0,0,0,0,0,0,0,0,4,106,0,0
651,토끼,경남,거창군,2017,2,6,0,0,0,0,0,0,0,0,0,0,0,0,2,6
652,토끼,경남,합천군,2024,2,5,0,0,0,0,0,0,0,0,0,0,0,0,2,5
653,토끼,경남,합천군,2023,3,40,0,0,0,0,0,0,0,0,0,0,1,30,2,10
654,토끼,경남,합천군,2022,2,10,0,0,0,0,0,0,0,0,0,0,0,0,2,10
655,토끼,경남,합천군,2021,1,15,0,0,0,0,0,0,0,0,0,0,0,0,1,15
